{
  "snapshot_id": "snap_003",
  "num_particles_total": 1000,
  "num_particles_per_rank": 500,
  "world_size": 2,
  "max_iter": 100,
  "seed": 42,
  "device": "cuda:0",
  "elapsed_ms": 319.2407488822937,
  "converged_at_iter": 21,
  "best_fitness": 618.6299438476562,
  "best_position": [
    50.0,
    0.6629267930984497,
    0.0,
    2.1748387813568115
  ],
  "expected_profit_usd": 618.6299438476562,
  "cuda_device_count": 4
}