{
  "timestamp": "2026-06-06T16:51:26.890372+00:00",
  "record_id": "snap_003",
  "particles": 1000,
  "max_iter": 100,
  "seed": 42,
  "repeats": 3,
  "results": [
    {
      "world_size": 1,
      "elapsed_ms_mean": 64.97381875912349,
      "elapsed_ms_stdev": 0.8845946177241113,
      "elapsed_ms_runs": [
        66.21780712157488,
        64.23723325133324,
        64.46641590446234
      ],
      "best_fitness_mean": 618.6299438476562,
      "num_particles_total": 1000,
      "num_particles_per_rank": 1000,
      "record_id": "snap_003",
      "max_iter": 100,
      "seed": 42,
      "speedup": 1.0,
      "parallel_efficiency_pct": 100.0
    },
    {
      "world_size": 2,
      "elapsed_ms_mean": 304.4070526957512,
      "elapsed_ms_stdev": 14.12533866366794,
      "elapsed_ms_runs": [
        285.40319111198187,
        319.2407488822937,
        308.577218092978
      ],
      "best_fitness_mean": 618.6299438476562,
      "num_particles_total": 1000,
      "num_particles_per_rank": 500,
      "record_id": "snap_003",
      "max_iter": 100,
      "seed": 42,
      "speedup": 0.2134438679515863,
      "parallel_efficiency_pct": 10.672193397579315
    },
    {
      "world_size": 4,
      "elapsed_ms_mean": 359.3614607428511,
      "elapsed_ms_stdev": 37.98216191953046,
      "elapsed_ms_runs": [
        318.0033480748534,
        350.3572419285774,
        409.72379222512245
      ],
      "best_fitness_mean": 618.6299438476562,
      "num_particles_total": 1000,
      "num_particles_per_rank": 250,
      "record_id": "snap_003",
      "max_iter": 100,
      "seed": 42,
      "speedup": 0.1808035247430634,
      "parallel_efficiency_pct": 4.520088118576585
    }
  ]
}